{"cameraMode":{"drawMode":0,"name":"Shaded","section":"Shading Mode"},"sceneLighting":true,"audioPlay":false,"sceneViewState":{"showFog":true,"showMaterialUpdate":false,"showSkybox":true,"showFlares":true,"showImageEffects":true,"showParticleSystems":true},"in2DMode":false,"pivot":{"x":7.0416765213012699,"y":0.2619667649269104,"z":-1.0420708656311036},"rotation":{"x":0.024262890219688417,"y":0.4592280089855194,"z":-0.012528511695563794,"w":0.8879151940345764},"size":9.452747344970704,"orthographic":false}