{"cameraMode":{"drawMode":0,"name":"Shaded","section":"Shading Mode"},"sceneLighting":false,"audioPlay":false,"sceneViewState":{"showFog":true,"showMaterialUpdate":false,"showSkybox":false,"showFlares":true,"showImageEffects":true,"showParticleSystems":true},"in2DMode":false,"pivot":{"x":-4.279607772827148,"y":1.6482033729553223,"z":2.8884921073913576},"rotation":{"x":0.035466864705085757,"y":-0.6258882284164429,"z":0.02912858873605728,"w":0.7788890600204468},"size":15.984949111938477,"orthographic":false}