{"cameraMode":{"drawMode":0,"name":"Shaded","section":"Shading Mode"},"sceneLighting":false,"audioPlay":false,"sceneViewState":{"showFog":true,"showMaterialUpdate":false,"showSkybox":false,"showFlares":true,"showImageEffects":true,"showParticleSystems":true},"in2DMode":false,"pivot":{"x":-0.020044684410095216,"y":0.3035648763179779,"z":0.0022062063217163088},"rotation":{"x":0.04910118877887726,"y":0.9503351449966431,"z":-0.23498523235321046,"w":0.19870781898498536},"size":2.9023914337158205,"orthographic":false}