{"cameraMode":{"drawMode":0,"name":"Shaded","section":"Shading Mode"},"sceneLighting":false,"audioPlay":false,"sceneViewState":{"showFog":true,"showMaterialUpdate":false,"showSkybox":false,"showFlares":true,"showImageEffects":true,"showParticleSystems":true},"in2DMode":false,"pivot":{"x":-0.014285087585449219,"y":1.875,"z":0.00411224365234375},"rotation":{"x":-0.11405360698699951,"y":-0.8122099041938782,"z":0.16856031119823457,"w":-0.5471993684768677},"size":12.122522354125977,"orthographic":false}