{"cameraMode":{"drawMode":0,"name":"Shaded","section":"Shading Mode"},"sceneLighting":false,"audioPlay":false,"sceneViewState":{"showFog":true,"showMaterialUpdate":false,"showSkybox":false,"showFlares":true,"showImageEffects":true,"showParticleSystems":true},"in2DMode":false,"pivot":{"x":12.704434394836426,"y":0.30526411533355715,"z":-3.425645112991333},"rotation":{"x":-0.012129011563956738,"y":-0.6778144240379334,"z":0.011185592971742154,"w":-0.7350519299507141},"size":14.563106536865235,"orthographic":false}