{"cameraMode":{"drawMode":0,"name":"Shaded","section":"Shading Mode"},"sceneLighting":false,"audioPlay":false,"sceneViewState":{"showFog":true,"showMaterialUpdate":false,"showSkybox":false,"showFlares":true,"showImageEffects":true,"showParticleSystems":true},"in2DMode":false,"pivot":{"x":-0.5224752426147461,"y":0.8602633476257324,"z":0.20793676376342774},"rotation":{"x":-0.20431062579154969,"y":-0.7642335295677185,"z":0.2881213426589966,"w":-0.54012131690979},"size":12.069148063659668,"orthographic":false}