{"cameraMode":{"drawMode":0,"name":"Shaded","section":"Shading Mode"},"sceneLighting":false,"audioPlay":false,"sceneViewState":{"showFog":true,"showMaterialUpdate":false,"showSkybox":false,"showFlares":true,"showImageEffects":true,"showParticleSystems":true},"in2DMode":false,"pivot":{"x":-8.921719551086426,"y":1.2943429946899415,"z":7.61236572265625},"rotation":{"x":-0.0981614887714386,"y":0.025733772665262224,"z":-0.006082258187234402,"w":-0.9953768253326416},"size":12.293034553527832,"orthographic":false}