{"cameraMode":{"drawMode":0,"name":"Shaded","section":"Shading Mode"},"sceneLighting":false,"audioPlay":false,"sceneViewState":{"showFog":true,"showMaterialUpdate":false,"showSkybox":false,"showFlares":true,"showImageEffects":true,"showParticleSystems":true},"in2DMode":false,"pivot":{"x":4.79987096786499,"y":1.8616347312927247,"z":-1.4369831085205079},"rotation":{"x":0.11917968094348908,"y":-0.6525099873542786,"z":0.1056375652551651,"w":0.74120032787323},"size":5.477327346801758,"orthographic":false}