{"cameraMode":{"drawMode":0,"name":"Shaded","section":"Shading Mode"},"sceneLighting":true,"audioPlay":false,"sceneViewState":{"showFog":true,"showMaterialUpdate":false,"showSkybox":true,"showFlares":true,"showImageEffects":true,"showParticleSystems":true},"in2DMode":false,"pivot":{"x":9.495600700378418,"y":1.6956663131713868,"z":22.59763526916504},"rotation":{"x":-0.15017755329608918,"y":-0.179267019033432,"z":0.027699140831828119,"w":-0.9718828201293945},"size":26.65884780883789,"orthographic":false}