{"cameraMode":{"drawMode":0,"name":"Shaded","section":"Shading Mode"},"sceneLighting":true,"audioPlay":false,"sceneViewState":{"showFog":true,"showMaterialUpdate":false,"showSkybox":false,"showFlares":true,"showImageEffects":true,"showParticleSystems":true},"in2DMode":false,"pivot":{"x":-0.6075670719146729,"y":1.1750223636627198,"z":-2.937347888946533},"rotation":{"x":0.37268227338790896,"y":-0.5754285454750061,"z":0.3562256991863251,"w":0.6366565227508545},"size":2.676955223083496,"orthographic":false}