{"cameraMode":{"drawMode":0,"name":"Shaded","section":"Shading Mode"},"sceneLighting":true,"audioPlay":false,"sceneViewState":{"showFog":true,"showMaterialUpdate":false,"showSkybox":true,"showFlares":true,"showImageEffects":true,"showParticleSystems":true},"in2DMode":false,"pivot":{"x":2.7309205532073976,"y":3.0822501182556154,"z":67.75173950195313},"rotation":{"x":0.033226728439331058,"y":0.08918605744838715,"z":0.007678938563913107,"w":0.9963729977607727},"size":20.610122680664064,"orthographic":false}