{"cameraMode":{"drawMode":0,"name":"Shaded","section":"Shading Mode"},"sceneLighting":false,"audioPlay":false,"sceneViewState":{"showFog":true,"showMaterialUpdate":false,"showSkybox":false,"showFlares":true,"showImageEffects":true,"showParticleSystems":true},"in2DMode":false,"pivot":{"x":0.34091079235076907,"y":0.914301872253418,"z":4.42053747177124},"rotation":{"x":-0.13012245297431947,"y":-0.11867672950029373,"z":0.015640437602996827,"w":-0.9845550656318665},"size":10.092581748962403,"orthographic":false}