{"cameraMode":{"drawMode":0,"name":"Shaded","section":"Shading Mode"},"sceneLighting":true,"audioPlay":false,"sceneViewState":{"showFog":true,"showMaterialUpdate":false,"showSkybox":false,"showFlares":true,"showImageEffects":true,"showParticleSystems":true},"in2DMode":false,"pivot":{"x":-60.09669876098633,"y":3.84511137008667,"z":78.97450256347656},"rotation":{"x":0.11757560074329376,"y":-0.8598608374595642,"z":0.22908057272434236,"w":0.44107481837272646},"size":17.457515716552736,"orthographic":false}