{"cameraMode":{"drawMode":0,"name":"Shaded","section":"Shading Mode"},"sceneLighting":false,"audioPlay":false,"sceneViewState":{"showFog":true,"showMaterialUpdate":false,"showSkybox":false,"showFlares":true,"showImageEffects":true,"showParticleSystems":true},"in2DMode":false,"pivot":{"x":-1.0640277862548829,"y":2.0905117988586427,"z":-0.07905101776123047},"rotation":{"x":-0.11282177269458771,"y":-0.7979786992073059,"z":0.1568690985441208,"w":-0.5713376998901367},"size":12.064630508422852,"orthographic":false}