{"cameraMode":{"drawMode":0,"name":"Shaded","section":"Shading Mode"},"sceneLighting":false,"audioPlay":false,"sceneViewState":{"showFog":true,"showMaterialUpdate":false,"showSkybox":false,"showFlares":true,"showImageEffects":true,"showParticleSystems":true},"in2DMode":false,"pivot":{"x":10.830020904541016,"y":1.6605510711669922,"z":10.277813911437989},"rotation":{"x":-0.14143803715705872,"y":0.0901440754532814,"z":-0.023828323930501939,"w":-0.986606240272522},"size":0.4967917203903198,"orthographic":false}