{"cameraMode":{"drawMode":0,"name":"Shaded","section":"Shading Mode"},"sceneLighting":true,"audioPlay":false,"sceneViewState":{"showFog":true,"showMaterialUpdate":false,"showSkybox":true,"showFlares":true,"showImageEffects":true,"showParticleSystems":true},"in2DMode":false,"pivot":{"x":-0.29580092430114748,"y":0.42748361825942995,"z":-0.1863577961921692},"rotation":{"x":-0.09100618213415146,"y":0.7662475109100342,"z":-0.11135129630565644,"w":-0.6262519955635071},"size":4.0578837394714359,"orthographic":false}