{"cameraMode":{"drawMode":0,"name":"Shaded","section":"Shading Mode"},"sceneLighting":false,"audioPlay":false,"sceneViewState":{"showFog":true,"showMaterialUpdate":false,"showSkybox":false,"showFlares":true,"showImageEffects":true,"showParticleSystems":true},"in2DMode":false,"pivot":{"x":0.8241586685180664,"y":0.9639999866485596,"z":-2.956632137298584},"rotation":{"x":0.04784888029098511,"y":0.7349556088447571,"z":-0.0521177239716053,"w":0.6744360327720642},"size":0.571576714515686,"orthographic":false}