{"cameraMode":{"drawMode":0,"name":"Shaded","section":"Shading Mode"},"sceneLighting":false,"audioPlay":false,"sceneViewState":{"showFog":true,"showMaterialUpdate":false,"showSkybox":false,"showFlares":true,"showImageEffects":true,"showParticleSystems":true},"in2DMode":false,"pivot":{"x":-0.6470694541931152,"y":1.7185838222503663,"z":0.26009607315063479},"rotation":{"x":-0.12245675921440125,"y":-0.20103642344474793,"z":0.025628404691815378,"w":-0.9718902111053467},"size":5.768482208251953,"orthographic":false}