{"cameraMode":{"drawMode":0,"name":"Shaded","section":"Shading Mode"},"sceneLighting":true,"audioPlay":false,"sceneViewState":{"showFog":true,"showMaterialUpdate":false,"showSkybox":true,"showFlares":true,"showImageEffects":true,"showParticleSystems":true},"in2DMode":false,"pivot":{"x":6.709971904754639,"y":0.10070067644119263,"z":-6.0074896812438969},"rotation":{"x":0.04784888029098511,"y":0.7349556088447571,"z":-0.0521177239716053,"w":0.6744360327720642},"size":6.346147537231445,"orthographic":false}