{"cameraMode":{"drawMode":0,"name":"Shaded","section":"Shading Mode"},"sceneLighting":false,"audioPlay":false,"sceneViewState":{"showFog":true,"showMaterialUpdate":false,"showSkybox":false,"showFlares":true,"showImageEffects":true,"showParticleSystems":true},"in2DMode":false,"pivot":{"x":-12.033203125,"y":-3.1819372177124025,"z":3.519714832305908},"rotation":{"x":-0.3454509973526001,"y":0.348264217376709,"z":-0.1440618485212326,"w":-0.8600698113441467},"size":9.12490177154541,"orthographic":false}