{"cameraMode":{"drawMode":0,"name":"Shaded","section":"Shading Mode"},"sceneLighting":true,"audioPlay":false,"sceneViewState":{"showFog":true,"showMaterialUpdate":false,"showSkybox":true,"showFlares":true,"showImageEffects":true,"showParticleSystems":true},"in2DMode":false,"pivot":{"x":10.542197227478028,"y":0.7067577838897705,"z":-6.757419586181641},"rotation":{"x":0.02039359137415886,"y":0.7064090371131897,"z":-0.020344296470284463,"w":0.7072386741638184},"size":11.7798433303833,"orthographic":false}