{"cameraMode":{"drawMode":0,"name":"Shaded","section":"Shading Mode"},"sceneLighting":false,"audioPlay":false,"sceneViewState":{"showFog":true,"showMaterialUpdate":false,"showSkybox":false,"showFlares":true,"showImageEffects":true,"showParticleSystems":true},"in2DMode":false,"pivot":{"x":6.950296401977539,"y":1.4272346496582032,"z":5.583133697509766},"rotation":{"x":-0.15335823595523835,"y":-0.23044434189796449,"z":0.03712223470211029,"w":-0.9605412483215332},"size":21.125595092773439,"orthographic":false}