{"cameraMode":{"drawMode":0,"name":"Shaded","section":"Shading Mode"},"sceneLighting":true,"audioPlay":false,"sceneViewState":{"showFog":true,"showMaterialUpdate":false,"showSkybox":true,"showFlares":true,"showImageEffects":true,"showParticleSystems":true},"in2DMode":false,"pivot":{"x":-1.4843673706054688,"y":1.554175853729248,"z":-1.0212411880493165},"rotation":{"x":-0.050696343183517459,"y":0.9248988628387451,"z":-0.13298964500427247,"w":-0.35257548093795779},"size":9.87911319732666,"orthographic":false}