{"cameraMode":{"drawMode":0,"name":"Shaded","section":"Shading Mode"},"sceneLighting":false,"audioPlay":false,"sceneViewState":{"showFog":true,"showMaterialUpdate":false,"showSkybox":false,"showFlares":true,"showImageEffects":true,"showParticleSystems":true},"in2DMode":false,"pivot":{"x":0.045894380658864978,"y":-0.05816918611526489,"z":0.09948992729187012},"rotation":{"x":0.23132050037384034,"y":0.013086149469017983,"z":-0.0029425823595374824,"w":0.9730299115180969},"size":1.7768797874450684,"orthographic":false}