{"cameraMode":{"drawMode":0,"name":"Shaded","section":"Shading Mode"},"sceneLighting":false,"audioPlay":false,"sceneViewState":{"showFog":true,"showMaterialUpdate":false,"showSkybox":false,"showFlares":true,"showImageEffects":true,"showParticleSystems":true},"in2DMode":false,"pivot":{"x":12.009965896606446,"y":0.45201218128204348,"z":-4.400786399841309},"rotation":{"x":-0.015866251662373544,"y":-0.7500153183937073,"z":0.018004445359110833,"w":-0.6609892845153809},"size":13.942123413085938,"orthographic":false}