{"cameraMode":{"drawMode":0,"name":"Shaded","section":"Shading Mode"},"sceneLighting":false,"audioPlay":false,"sceneViewState":{"showFog":true,"showMaterialUpdate":false,"showSkybox":false,"showFlares":true,"showImageEffects":true,"showParticleSystems":true},"in2DMode":false,"pivot":{"x":-0.0255279541015625,"y":2.0306763648986818,"z":0.022194966673851014},"rotation":{"x":-0.20431062579154969,"y":-0.7642335295677185,"z":0.2881213426589966,"w":-0.54012131690979},"size":12.069148063659668,"orthographic":false}