{"cameraMode":{"drawMode":0,"name":"Shaded","section":"Shading Mode"},"sceneLighting":true,"audioPlay":false,"sceneViewState":{"showFog":true,"showMaterialUpdate":false,"showSkybox":true,"showFlares":true,"showImageEffects":true,"showParticleSystems":true},"in2DMode":false,"pivot":{"x":195.79776000976563,"y":245.75160217285157,"z":247.05294799804688},"rotation":{"x":0.0176888145506382,"y":-0.008401362225413323,"z":-0.0001484695530962199,"w":-0.9998115301132202},"size":734.1393432617188,"orthographic":false}